,npe,cos,angle,angle_po,trigger,energy
0,25590,-0.5951129446047131,776.8435537455723,427.5065428025952,True,95284.34851373408
1,4571,-0.7780193237204897,5043.265264621396,4427.928713242576,True,17121.08398026502
2,370,-0.21799467986244356,3772.2579325147076,2809.9501770221327,True,52380.71764248011
3,152,-0.21084509515391964,2376.28863568196,3115.790479623374,True,15959.680073256468
4,125,-0.8080529064580672,1453.745132428444,987.358274924116,True,11111.520319156773
5,713,-0.885206340179732,2284.296862548916,2413.5595118961546,True,25039.083943834696
6,613,-0.06265252054016163,171.87590610795502,1534.2841475980067,True,34871.20358434168
7,1210,-0.12063212679437299,874.0338943461192,873.6160204329697,True,16889.83962674912
8,1209,-0.6669027875874927,2353.7244997905455,2369.2444209663217,True,52522.36044845544
9,402,0.363127891272756,3719.094071736644,215.91974164408725,True,10658.0954038513
10,851,-0.6400092000281897,1725.5764550790182,55.73985655877098,True,29197.294521003663
11,72,0.1455729648082008,2460.92197444948,1921.57268666586,True,11005.21075006855
12,529,-0.6895766448030239,2060.180945172457,1525.3025970986964,True,49256.99400093872
13,1077,0.8375204075220078,591.7351907479556,2817.558239883496,True,24929.602423689423
14,5292,0.8234893097263989,3008.4556289689076,2784.1640065271317,True,49424.33809617098
15,347,-0.1973498470134322,767.3143606732006,772.3064479154252,True,23323.947845519273
16,5173,0.7858500453328444,522.9904786100013,648.9263292086519,True,82225.97866636445
17,777,-0.652084763355596,1904.1289208677076,1297.2087845505607,True,38523.25817004451
18,1997,0.40136405704417766,1705.8448331283855,1687.084837039519,True,54474.050173464995
19,1351,0.3009068438321009,1795.8671148239544,1793.6404934561076,True,46655.51858163591
20,461,0.3902887697294731,1081.5052304556132,1081.3848159533745,True,38000.79166213964
21,58781,0.8749816516485063,929.1551443224773,931.0848751859122,True,29982.54613105153
22,1232,0.049010284920608584,2261.5472504661698,904.1768336831796,True,28092.437365040794
23,74,-0.25125446590654793,3097.832640596852,3776.1915853399137,True,12161.775626267547
24,688,0.2351321932714265,1183.0854040406407,1742.0706431584608,True,38727.89878133881
25,952,0.5860399682846733,1220.0253962608897,1219.8612575940015,True,81067.29634892804
26,550,-0.8418733140494636,3021.5514567839327,2254.960905452633,True,12631.500333137059
27,58,-0.7202478554772757,834.9711492323735,835.4700003142727,True,10910.072807869226
28,115,-0.737139048850038,3029.596378741995,2140.8502406205066,True,21076.463394422844
29,178,-0.14247540678724346,1564.8392392255748,61.21020783367839,True,24915.307726171435
30,16572,-0.7707613377323952,1039.9286047530436,1181.112462079574,True,59741.41766823687
31,499,-0.11489330764060253,1294.9068789608014,1215.3954272788128,True,32344.110396719247
32,423,0.038189401785393984,3345.2443392720043,2286.2269589473512,True,25674.154215091938
33,374,0.16881468688375245,1733.8480922328215,1733.922251376923,True,22787.43532791438
34,1365,0.17724315255820183,5894.235038057971,4633.8827626129405,True,31760.215728899584
35,1260,-0.7433756707886781,3899.898108716856,1140.8759552597305,True,42781.9207867791
36,303,0.10453097591518476,3935.390804407926,3976.495556049442,True,27131.729866112215
37,1203,0.31024306930220563,1273.0496071501304,1284.9943361766348,True,15559.131760222153
38,687,-0.7821432753203981,2001.2866910390824,4195.433598173643,True,34782.30267911057
39,223,-0.2102957933702544,854.1300952199513,1292.283621138098,True,15136.256476841929
40,147,0.48543127113065465,1620.8258321727335,1620.9153780797442,True,18042.274366230915
41,229,0.17497239954273647,5370.948390045579,4270.873154394308,True,27624.605192950286
42,318,-0.3183593101087924,1214.6086541736404,1215.174030588852,True,17594.380886877047
43,237,0.8159588665451435,3342.659541248267,1507.7472803483333,True,16156.789185273994
44,585,-0.35282199858949753,264.91909530679385,1118.386717602858,True,71425.23604535848
45,187,0.3629988988044403,2160.9346243354303,2422.1371358594965,True,20044.723073013203
46,3087,-0.5996213705602536,1792.1491490924684,1448.2134436615233,True,63993.82074082389
47,1664,-0.8916118799549423,438.05773331831233,1155.4728527467066,True,76474.8215091591
48,1136,-0.6620464242188135,752.3582127610424,580.6916999587462,True,33275.55899081309
49,1823,-0.0673351595839833,199.09343364419527,1735.7502694245964,True,40438.351499952325
50,2377,-0.836237227666985,2130.274412221767,2008.6073886277982,True,23554.500731303247
51,609,0.8465563878138294,3037.979849137952,4724.163985684656,True,36909.78106986007
52,8499,0.11311669785597485,1568.8578420922502,1573.539781860763,True,40462.422194865576
53,685,0.1629028235442188,242.47301810561476,2097.372452739629,True,55897.42067164528
54,424,-0.43319006173900687,433.57355731016366,1303.6423808755703,True,10138.877649973483
55,2144,0.8307958284769065,1808.008010652076,492.81598153666533,True,56908.86125165977
56,497,0.5546534648923348,830.3925014100342,775.4770780756653,True,33861.64109899813
57,970,0.8322949641747461,1026.8932516069872,1780.1625658918151,True,62262.43479543615
58,8677,0.5261771446420968,3646.1144969366014,1838.605954892021,True,14037.886506998904
59,126,-0.7933082521982046,1203.066749054782,809.0092864821538,True,13473.358354171032
60,8803,-0.8766339629318651,534.0180364590528,1171.69045464379,True,76948.05825728981
61,943,0.9842994844268603,1944.7448184219913,2468.7160278511324,True,64662.19066909343
62,1521,0.21901234848672632,771.404017828612,2322.8031405328975,True,11457.11876804667
63,1394,-0.3443791786956592,325.70204950283545,325.7347022334158,True,86061.08140307141
64,285,0.8630970201074797,2109.1521246858238,2267.3301300189864,True,15693.70773766053
65,208,0.6884592559660432,1398.969423558213,1405.2828541519334,True,21185.099914931463
66,692,-0.3199408606441979,605.6377325411355,817.0818981747735,True,35367.995727096284
67,895,-0.37729525773142986,378.1253691553034,1190.3895068674403,True,12297.592262583556
68,155,0.5136216113973352,1255.827316199852,2796.1085338438115,True,14123.327807378913
69,2044,0.9502356665736515,2588.513403902379,3136.9835069072187,True,34576.484286493986
70,549,0.8287265763220744,1490.068530424866,813.3001353746342,True,18362.16585605916
71,465,-0.7760644368156933,4540.744004269822,2453.3722571027383,True,64183.579851152834
72,203,-0.6021748807436411,572.2442442369978,609.6588249098436,True,21459.930117670327
73,1338,-0.9113713513540749,1642.619807158486,904.5961591843275,True,17921.867456369404
74,193,0.6900077332148941,1608.1783633150212,1607.9244425641982,True,13593.713702921343
75,1380,-0.09845929825583484,3348.3771644940625,2862.8713447560126,True,62303.44542661281
76,3034,0.11670351685899315,7582.906209315383,707.5561271478825,True,59021.93078597406
77,241,-0.19332721254999405,581.5048244711058,507.0874854100658,True,17606.820046226105
78,114,-0.4414537204378403,2733.8728311286764,606.9674667562272,True,11801.866846147353
79,217,0.04724398483081227,1253.774374303305,713.846972507436,True,22958.64933787887
80,564,-0.15373592154001234,1161.9897085079076,1162.8961500531545,True,12563.729821130619
81,3471,0.0021123350228894207,2209.144014578792,296.6812454984953,True,15978.129944793736
82,3225,-0.6335522857505089,373.00429305782865,959.1562359074613,True,44897.99374459466
83,347,-0.891022515191865,4192.244020747342,6875.445737909544,True,27221.356793270454
84,764,-0.6878416397819475,1520.4233062474664,1520.0558743109766,True,24477.989547256093
85,711,-0.24488730269065231,5540.868900821046,5840.719246302878,True,18250.907573552828
86,156,0.5267320354244943,729.4617567157185,1610.0424886210544,True,17514.53524075136
87,1258,0.8561459157011261,783.3788789332624,783.4632853039751,True,52070.4399958996
88,629,-0.8332015877378076,3546.572026726559,2268.9236078299105,True,22277.811848056717
89,7637,0.8306762525805917,5541.649653371363,2272.6523380939393,True,17623.15661466706
90,12431,0.06733994297183643,2266.801059582574,1643.323225130669,True,95514.12923404196
91,806,-0.4433711826357428,171.57593335428433,367.475787878045,True,73356.6234442117
92,114,0.08012036821492685,10.980225311686297,72.16447155555757,True,10185.340392684502
93,1189,-0.20589427578739153,2826.749526842584,2625.836806925118,True,13267.597662259337
94,2034,0.9283363163759687,8261.382171235611,8266.345033234822,True,49382.83896020028
95,1767,-0.8193539093219481,543.5006399922578,543.501887242651,True,93455.59966982735
96,439,0.3975260381316293,225.73587928443152,1266.576689272581,True,51308.23497968285
97,1173,0.6144334076634606,4311.734533690831,1517.8739788352145,True,45406.90526145873
98,4121,0.04042466311047102,585.8382400388361,3676.6555610662595,True,25210.418646632672
99,4869,-0.9229694563640519,1471.3043423940485,1293.6496538815313,True,21628.365028610602
100,1330,-0.09160932507423267,1167.9132131393928,1160.3575048639318,True,44388.83964410717
101,1344,0.3695824532519066,976.3510653938229,561.2374178074506,True,77171.33652868534
102,1165,0.964901004262174,3396.9972776449686,3395.1243190164205,True,21947.211812618254
103,13294,0.12187568160464511,631.2639171546551,2887.2600874631344,True,38233.49610920167
104,15390,-0.04918090512606873,5027.697779881056,5026.158070898172,True,14697.72362304629
105,717,0.8684369888573333,489.7039226010405,400.199781174832,True,64597.2042673045
106,2212,-0.04207321091059434,1042.4612217688857,1079.3236057802753,True,11922.219334528525
107,379,0.4693358741191518,1698.1703497820872,2415.299027486099,True,33632.70949402773
108,1411,0.64244487120316,3100.9118994535042,936.9186271910268,True,40966.902752621034
109,796,0.9885948298535353,2434.235959567415,552.2510262640951,True,67727.87765582361
110,3166,-0.8859768189455592,143.07830334930748,532.1338659069244,True,63008.29268331028
111,353,0.08934929805095247,1021.2787630403236,1282.690128682121,True,32826.51829581143
112,1473,0.4034315607849735,1023.1864440919048,791.4391172354183,True,38323.42920641143
113,292,-0.2359726175580074,3388.836887106862,1658.842664394728,True,31052.902838710517
114,788,-0.09677976762021483,1952.743445906254,3149.466229359061,True,11122.47369869729
115,409,0.18516357644845946,1791.0711247926242,516.0583262701663,True,44248.660516965116
116,961,-0.26597293496738345,621.11234588374,2164.983790013367,True,41922.59041480995
117,1542,0.6836947630386332,1001.022974816076,2088.608803521326,True,52475.48010759402
118,1136,0.8638896203604696,561.191162635957,1042.3015602675655,True,95459.48810345674
119,229,-0.7658200435317323,1163.9664841143986,3573.5859425003887,True,18691.747192229723
120,579,-0.7691745671113871,1592.1885287417183,978.3487850497218,True,62609.568177552734
121,1032,0.9434755565190766,521.4875900568877,522.0570689338509,True,41278.35726601842
122,1694,0.28805783092164033,688.8317162670274,3441.3702465299903,True,10053.935978647974
123,550,0.06769983469813917,2930.3641146573964,4157.537549644752,True,32048.349577574914
124,6522,-0.3168293574447014,1115.3519389743012,2811.2485498893884,True,69584.36955324734
125,601,-0.24020511259174404,1473.7459160880858,248.8670987834254,True,18316.973019155772
126,583,-0.1697490048366599,539.6124115052471,1738.6071391221913,True,37577.462221614536
127,376,-0.6606995402750748,1552.4123623703258,750.3082499158372,True,14840.190780941572
128,571,-0.966062292574837,2359.969153762872,2825.250122151344,True,22918.716912253185
129,804,-0.41564005258566344,1169.1657868056357,4155.116824621362,True,48240.47563123757
130,805,0.03365933442836658,1550.8346737500215,2032.2861668694056,True,12476.891605841536
131,2617,0.26829320919184385,3747.491459734675,1429.6138254882121,True,15216.6884580678
132,798,-0.4469233822908177,710.9223194961627,723.1727352737682,True,10659.307038868656
133,260,0.286065712751152,654.7689146814091,2199.6478230376138,True,11213.963355029715
134,90,0.5223579236321676,4222.07370443867,1730.0900443295,True,11350.789442341624
135,12007,-0.15133447271753944,1047.5702401815502,760.0595679369793,True,68262.55994499337
136,2500,0.30740012424006946,516.5697821641138,2079.5552186160658,True,61035.15699654475
137,7143,-0.305947758724474,961.6019656653164,2555.981128964033,True,29456.44650784488
138,2513,0.7051078422792868,996.4845136550547,331.2279745849006,True,25422.380033818805
139,2226,0.3439563619708956,124.22647539373827,27.9650318615216,True,53726.95655267075
140,2672,-0.8697915629045182,543.0945926422298,614.1238792195546,True,50961.25308543131
141,222,0.5840567885268604,1518.0529538732865,603.2268152196286,True,23255.218380939776
142,1680,0.4506221193632852,2569.7395502073555,1538.6630561617444,True,20965.43612009438
143,435,-0.5686116680941196,1503.2795906241122,596.2463926199645,True,32722.900515286536
144,605,-0.13718960878072345,3536.834547525522,3530.3554728623735,True,20920.46073843768
145,2468,-0.14051238343099162,2272.408675088692,5953.623407074465,True,14602.508347321716
146,894,0.502153378085766,1579.1257317212626,2511.1725291347716,True,54821.821562899364
147,87,0.046403983751626535,206.07492796981504,3068.499982977057,True,14594.533746516947
148,5954,-0.038135746619065665,821.0542735718795,1659.8413649047693,True,32417.312690909923
149,800,-0.11143199037038402,2731.1795933608064,2712.2244510421333,True,95477.11606659633
150,802,-0.46265292482767206,1146.4509704592626,2294.9724131093067,True,41290.55765234926
151,363,0.9326508384074118,1913.5050449129176,1913.5175338922566,True,21198.238261662922
152,3732,0.049025653127303705,356.1689283352046,1024.4749364220218,True,52888.20233310326
153,1072,-0.39688650223340377,782.4660681347216,1407.7569458771986,True,71359.62476835353
154,1546,-0.9182806164507067,414.07446796036453,1744.5869948235106,True,22121.741908689688
155,467,-0.5901888299990974,2318.899430961217,2827.184821667203,True,20673.871922090868
156,605,0.8494359637448683,5981.297273538765,7684.307299098329,True,14099.183489742316
157,11561,0.29406688568570494,2020.0735845856186,3178.0196428957106,True,62590.02693879221
158,1432,0.2526558706844246,1687.10980191828,2630.8012380977652,True,16893.97828519122
159,287,0.14242093404444245,2416.2050690224733,2427.443402702394,True,14440.97582580948
160,46161,0.1498281894075653,2662.977018341196,2833.844856599377,True,20238.66484508498
161,395,0.5345321728769321,1737.2068893712324,999.9195887471792,True,28781.205789631756
162,536,-0.43870531455330375,1580.2458268579194,2073.2533581643725,True,53723.88330649301
163,289,0.5861354799835743,2270.68123232811,1783.3920047070885,True,29332.8921644648
164,2359,0.9689065159410181,59.00949505471318,57.284579997462,True,64429.86056102671
165,1027,-0.39416425150545964,1461.9468619465476,1545.087000274009,True,92688.20005990309
166,174,0.18325439394939122,519.9352708367705,628.4890040658664,True,11548.210159100965
167,1089,0.9623867805518047,8049.682383580054,2953.2251468638324,True,31212.350504650403
168,305,0.8605822530550233,897.1903203021639,889.3268937057879,True,14056.23329894717
169,310,-0.892874375147164,1996.3331424416535,2380.76825389379,True,12702.76530328593
170,453,-0.69489536573903,2299.5486239750257,3332.790139591927,True,27003.31790066514
171,900,0.2571064648591055,1188.6813281757334,879.0206310664701,True,24163.628104040567
172,2237,-0.6755672556261921,1323.6569300286164,1241.903819353718,True,69909.87191752357
173,1392,0.9214346473353713,1906.9867889245952,1864.4893348744702,True,43876.373711813685
174,637,0.5572632942661757,393.72920473657723,547.0535661831302,True,35817.968396400654
175,635,0.800409783222697,313.74575598799885,313.14892715245975,True,47913.83116825265
176,1665,0.4054778767639962,2275.933995667391,3043.8192251051173,True,56709.5664821158
177,416,0.9394179975469792,1791.4398994546596,1790.924688468037,True,13519.481603611033
178,34104,0.8329771224676172,1171.1574833771879,1883.449538808722,True,75426.95241752277
179,999,0.3287306540695331,1155.5179315332434,4323.105738357392,True,43301.151989963604
180,1227,0.15285524666065575,3576.0967865055263,3013.5874460365935,True,60948.70346351337
181,393,-0.22100630352842243,1232.9075405788785,1826.3843306826466,True,13366.066108161272
182,1148,-0.9379172854431133,3310.6451113588014,4215.271752702803,True,47261.809390587856
183,1484,0.6518778715711652,2708.074287525991,360.37272072849197,True,93778.36805751466
184,13756,-0.7122151158038583,358.97231968365276,1937.5046028789116,True,52330.78674788229
185,2350,-0.6592181002974473,3197.9886845183723,962.2169284444974,True,20630.62000097309
186,140,-0.261642770170283,834.2082031003068,886.823560125629,True,15314.744546131198
187,200,0.43797724077234973,1261.7737192406937,1257.9995217825099,True,15226.915601158284
188,1151,-0.27405248016627476,1463.5146225440983,482.08816628084065,True,35675.17473753793
189,2077,0.1480569084683618,37.82222772216636,1803.8759164782614,True,57837.30055320159
190,515,0.5520337537762906,2207.4986343470205,2472.293653315103,True,15148.063194137154
191,321,0.5883715942331469,365.1730401375306,366.5887396824973,True,22539.39047934393
192,643,-0.804956073865806,8559.409856198872,4072.030811248678,True,11949.506857940116
193,768,0.11418352502788635,1998.6082732706477,3103.4150195602638,True,25149.379253174226
194,260,-0.9173811691467355,3953.667278181043,1367.588600848082,True,20977.644561474353
195,6501,0.8114897071466598,2358.1567101618316,1397.4226436386787,True,35879.0628863922
196,1183,-0.3721535353075161,1573.019267941832,1577.4805354021523,True,81211.1159478205
197,271,0.697985485672031,4593.228663558307,3070.321291439293,True,31571.0137636792
198,1127,0.6243820337704065,2641.5721458503554,1143.4047183828388,True,99146.4181210944
199,589,0.22281624553737733,2703.8467362748997,2611.2917811485404,True,23372.65671373092
200,146,-0.22317074089756753,472.59881110415233,472.80648647660934,True,18575.949435684674
201,552,0.4184468066061291,1229.7952082859572,1072.7840625161302,True,38957.19926079901
202,206,-0.6424349470755036,1483.6951823328193,3082.212059065116,True,13987.140901822577
203,172,-0.5048206315134656,805.8022495358022,806.2616924661186,True,18241.196281845845
204,2812,-0.7779832554729653,4008.8900975937345,1783.8629983072324,True,50426.87158465877
205,871,-0.2835309457846972,3581.894560018478,6675.102471950976,True,42852.479021729996
206,5406,0.05047256927736849,1471.0300224423158,686.397903702648,True,89400.08439689752
207,603,-0.3941801484667287,2276.33223020554,1694.2172725522043,True,11724.033708019986
208,434,-0.009005803519690164,2509.1370843979316,864.9113377980983,True,30578.90427629939
209,166,0.5127872041158528,4477.81508680882,3409.2198438876667,True,14272.173392555109
210,458,-0.7262192029948398,1995.537422003561,1648.7314777567547,True,15601.983415216864
211,5198,0.07568648169760107,114.68600110191167,350.57052817586543,True,28252.86385784037
212,290,-0.9022939343056933,4484.947398341957,3112.6070721317797,True,19408.64725082692
213,1502,0.9171218014141157,1104.4387579794684,899.8988212786608,True,66334.34696181637
214,1299,-0.37303591275829506,1589.7582444265759,269.365468559894,True,31638.785748651902
215,217,0.9688288077402928,2086.0441633529895,2042.905433968956,True,15910.932461346343
216,802,-0.6835201579030631,1939.6162694112284,1172.453450615958,True,22608.469622857992
217,780,0.3998221881770663,797.2969460177245,384.13238571667307,True,64583.4748885033
218,925,-0.5325986444449995,2250.661421995892,1291.8159654053823,True,64171.0569961457
219,1135,-0.659574291386994,3426.5867317163998,1416.51053511449,True,18559.018927301204
220,1060,-0.7658279288653776,5526.656884923083,2489.7624279933857,True,86670.45657154113
221,393,0.5608826892442582,812.0837355740028,810.4747329938305,True,13503.82210725589
222,2767,-0.9859030907632366,626.8606873210144,931.0209770035096,True,36738.38597382824
223,108,-0.06535764901746344,2568.354446470436,3776.296138037995,True,11240.732457854867
224,451,-0.85966321202828,1082.7694765077533,1091.0690875297548,True,28722.689883974846
225,1682,-0.5006410495720576,4514.190603526018,445.82826118585416,True,29678.948645343567
226,121,-0.5353840755228289,455.2508666270826,457.8502776450073,True,16570.825067427144
227,1439,0.44944609772674204,997.9360109343563,1000.087296621551,True,90554.56202001503
228,1548,0.9047550466861974,2000.6234334075546,2304.3362901294913,True,86364.16491811103
229,811,-0.42673087851041336,931.0604912784918,929.3349014345973,True,83161.08379038714
230,2670,0.7566681385062574,161.65178163413265,158.24512106168604,True,76883.95183864202
231,535,-0.300710394138225,613.006081413487,612.7927838552331,True,54149.223613185866
232,293,-0.40486564642961675,1756.754629919456,4310.939200169884,True,10249.550572056616
233,45380,-0.8792113120231502,4711.019362857261,3762.5388776381988,True,12653.279249103967
234,1027,0.31680978300999807,2367.27159533365,214.55007627513007,True,48441.016387870455
235,89,-0.8632701498120562,1417.4262831725448,2411.788785340054,True,10018.300762377661
236,1470,-0.624414246912778,4431.384016358425,4992.961861429896,True,65765.96743953896
237,1370,0.4358492870267566,1252.8831191796517,443.0291176794416,True,70982.35179624317
238,460,0.1560600265471731,1415.8771773509488,3109.7373583452363,True,47761.39474125327
239,2014,-0.7806314654897528,3145.032983620442,3677.7533764953337,True,61187.123324619555
240,595,-0.42915995465644474,203.7706056100515,185.19579228217856,True,58344.03141142188
241,24232,0.9378286353005046,546.6626119587071,914.6663664937644,True,99913.09269947345
242,809,-0.6893873097653569,961.5312378550311,962.3100847698308,True,53213.22138020805
243,653,0.4410850639753885,421.25561924493553,686.747175407681,True,44024.26844974398
244,10221,0.17617990739796174,3022.390408335597,1691.834444337286,True,20020.45082194093
245,1010,0.992096028252876,232.68513532245575,679.5946813050905,True,45752.832218203584
246,60,0.9324003592091216,4627.717967280991,4521.80091121777,True,10672.562986720319
247,10752,-0.3523148398822266,3318.637184996919,1794.948566993098,True,82153.10437157699
248,2292,0.016192182786182778,1343.8828202506586,363.16492234314416,True,81726.78004022638
249,1079,-0.6052775903867827,1634.7537963804489,1431.8009017690345,True,72682.39256865218
250,445,-0.7277348580769886,2033.7051625306174,677.942204024699,True,30506.638364540642
251,26437,0.7271658538422344,1341.3398126801342,1521.0831894595979,True,88186.79458395312
252,170,0.17336439238007928,2092.603849024332,1634.85753953433,True,17384.975943664118
253,307,0.5621651863469036,3721.1599670719083,1905.8683162142343,True,13354.355086286554
254,1724,-0.7183127502376451,432.8624124552948,439.95181711773,True,89814.37204394054
255,596,0.9442557799926172,4891.814784067317,2495.6492499622914,True,13709.539086473704
256,5049,0.8624326643833978,1757.869859270943,1259.8435386450265,True,40684.92900119503
257,993,-0.3165243650194545,166.01614383751397,168.77919037826808,True,21375.046891304588
258,327,0.7461191312709623,1585.548170458543,915.644588847502,True,23948.52037678264
259,234,0.9988120169247539,1327.7967806982672,805.3155446236129,True,24008.24991018458
260,3978,0.15722166602063842,3487.4807556470896,3732.977231035504,True,69469.356018599
261,218,-0.4592902492551163,1239.9629616709826,6195.334338470886,True,21445.39356588633
262,4425,0.24719965283984577,412.83377054680227,602.8032709698286,True,12842.048976843966
263,260,0.6172573958960109,2648.026081217564,905.5568044037911,True,16832.36273830793
264,273,-0.8770916947542916,4747.151717187443,750.7181824971036,True,23675.642020749387
265,85,-0.15681476844720274,2393.8334249269583,2103.7644725151213,True,14206.716753192482
266,296,0.06469994749761696,940.3127360671157,1241.3964973642003,True,24149.840434734127
267,1103,-0.8590093808093506,610.6753003611659,1795.0492324230286,True,27486.18711925944
268,339,-0.529774887964226,1273.93995557376,1275.0467121176473,True,44776.87523781204
269,703,-0.7116439879666415,1178.1658931631664,1629.725151467808,True,12687.494934069106
270,373,0.15125286033760196,973.8606816966839,973.468663344231,True,22493.962199808117
271,209,-0.026103739972310396,1191.2866097767876,232.32689593949377,True,12743.46277303866
272,269,-0.16491744785021112,1148.5341437377936,1903.3227596088727,True,17400.739486833663
273,4522,-0.8852546544740659,2554.5812785679323,925.4430217725608,True,98251.33670341867
274,1475,-0.01761884715299163,4308.6899399499425,4302.989660935596,True,15485.81767407773
275,418,0.9473045906733261,2451.701112720974,1996.3107491093278,True,31339.717029554507
276,1869,-0.43125407620417094,4643.653309529731,3869.907855411164,True,33798.39883234947
277,886,-0.7680286138296932,660.4123014718456,1958.0647081403142,True,81028.643055283
278,131,-0.5467852953128418,1079.232847565557,1080.7549767048222,True,11519.860154825225
279,1240,-0.9761912739840941,3569.0849447344167,3122.5131561818284,True,14066.46416154734
280,765,-0.33526627448963575,1272.7617766296887,1275.8564517446873,True,62865.43490941422
281,21801,0.6506681784022151,869.7239740594976,3884.953606266735,True,99935.95305509814
282,1109,-0.600944895877858,1178.1729961619244,738.0032500695039,True,33316.87740292313
283,6514,0.9478810186691033,9495.06116827788,6516.330982984467,True,32724.95869898686
284,194,-0.9719333029376527,3378.7832525235945,3677.5715172722375,True,11694.288409524854
285,2017,-0.5902017696986445,3251.538722869169,3534.9410834978607,True,94668.42616344383
286,643,-0.38627549680971496,5407.754262555872,4426.169214865662,True,74330.01450618518
287,270,0.5330420943491347,2569.9770277335465,2535.5522907823356,True,38057.4752785618
288,2713,-0.9349906446929619,2490.082903260663,2588.158009407638,True,17045.019310309217
289,5862,-0.9780038455641775,2788.188180350368,2470.223014176642,True,90983.13854141274
290,1881,0.6871994609559479,1021.8496588518628,1668.468576042135,True,34417.141965374954
291,278,0.7298313607697287,4402.79980390626,812.2385570554355,True,10770.329076419817
292,368,-0.2014491876282554,2177.097642514712,2363.7585160917856,True,18875.49980384813
293,4710,0.04619539865422412,4044.1963984640483,781.6003434772695,True,68375.50139061412
294,3453,0.9636744525871697,343.0371866049112,1300.7133124648526,True,51626.42453858114
295,2131,-0.903532273833302,1275.2772996702697,1540.0751885594964,True,28076.402228832038
296,128,0.3172876960759284,2544.563213526169,729.4686524929475,True,10395.874000001904
297,2959,0.9335291363994972,229.21149553716435,1040.3664243601,True,41469.40982802179
298,661,0.31671396429555443,3302.8042480884856,955.2025989428632,True,40377.29980092166
299,18736,0.49911352515443,1109.1724338841777,1669.2386191377575,True,80904.32210538864
300,203,0.8666910007024734,2276.33264662475,1165.8662406907076,True,53473.31379486624
301,167,-0.5165427439343488,6639.999978026879,2365.3896444831466,True,22416.975764055453
302,165,-0.8915566280811948,2371.522847075772,3457.4580579350854,True,15819.695409847283
303,6696,-0.8769211630522362,2270.7769029751094,1978.9777567254698,True,86269.15757932691
304,117,-0.7506072966520267,2831.9971132987957,666.6223704595428,True,19860.40803758785
305,3795,0.06535407798563082,1768.2358876519484,204.12422589594388,True,11774.251661806189
306,310,-0.9865117271466353,2014.1227940178956,3442.7227299449237,True,11944.677522696584
307,1482,0.12390487097890784,2356.4178108012266,2715.253056889438,True,72844.78929231486
308,464,-0.7792529432550351,3494.32344396155,8046.203122187385,True,11445.652751074636
309,3828,-0.3551507920229374,457.1704609166311,2031.2998156995466,True,22500.182173365825
310,1194,-0.7123115459310113,487.7013745609099,487.34372115108107,True,54128.58219517652
311,253,0.4642748301608518,1437.431983163121,6682.261840084365,True,21332.18187545549
312,702,0.7255321924885125,1216.6677995690184,91.9197441897793,True,15073.602387719904
313,296,-0.6843934495096753,3190.963744487492,2835.787663870172,True,14423.832050039873
314,1542,-0.8051417705603061,1210.191958003013,1945.7307893360357,True,35134.24574710497
315,2257,-0.36845413222334017,2099.894876103499,1371.8980919122287,True,93828.28131180891
316,8229,-0.9098012455693194,3068.1699076966615,334.4807700321696,True,60030.64228695729
317,150,0.5929316616124405,4604.364722189646,1051.6944054267062,True,14368.341054295202
318,31787,-0.5566287590634855,4687.65184750165,5224.714349566224,True,82409.32163598144
319,775,-0.21800863603200035,6639.897382016917,8313.097957695763,True,18732.28343095287
320,848,-0.48468632950329793,100.12079031295316,1881.0959133574659,True,46243.672282276515
321,231,0.2120051145105129,3962.4978055429897,2301.59895155673,True,14498.078289967189
322,230,0.6311946792858425,1655.1449723386277,1488.1646786517838,True,21364.197475008663
323,792,0.21289711751073634,1331.3565621886964,791.3496455824757,True,58925.77175213447
324,488,-0.1578359166906726,2629.938240906674,1076.1416904816822,True,33047.37974680985
325,757,-0.5012286391375439,2850.6050444730145,3083.9686404064432,True,10829.028734824615
326,326,-0.22261941993002227,781.0695560253038,2414.1363841994694,True,12503.039647074296
327,6932,0.9488860373199355,4771.198617408142,7768.172327842076,True,55600.455712008166
328,346,0.4511529704244084,2088.241972266904,2631.458268718243,True,40639.72016299075
329,128,0.020205020248051216,630.6842431039025,1648.70484710452,True,10721.781104979764
330,1599,0.2420104839989388,6319.806845068399,6502.199212208604,True,23509.20516781702
331,160,0.3838974690908218,1573.4776318574886,1087.5193150343925,True,10406.01233015659
332,7909,-0.04290249069304434,3623.9286086817,2650.0325665819164,True,25070.42082449846
333,12959,-0.7099681705304763,2861.347681223168,2860.1831290658524,True,34487.722919437474
334,417,0.8800474515379879,1075.844230035145,800.4448943478741,True,43241.693525723866
335,925,0.42303710890977625,1013.2217931932279,1019.6734170770372,True,12075.813166861622
336,1686,-0.9552626500271771,964.818790992456,1476.3778902667584,True,72550.74363373076
337,428,-0.8210762255179741,573.9541073548155,323.9304763098484,True,18667.622492607985
338,640,0.631716043538979,1563.2302436642876,1402.193805551962,True,51308.61395856735
339,1534,0.9770979218173931,3061.8243746383278,2121.39703266023,True,81107.16321819251
340,402,0.7756011932238721,1851.1595569271035,1844.78044409042,True,31917.226634996452
341,453,0.18962138375181123,815.5232103940996,1072.8154508599234,True,55768.68157524713
342,869,-0.524613906834789,1738.2578474341128,1741.7000706099598,True,81337.1529167979
343,2185,0.24058870799957607,2035.899668632272,4812.108739582051,True,57742.438647461284
344,413,-0.795216590772995,1504.006825675605,618.169089922055,True,44601.49356513459
345,2143,-0.31315891237188337,1642.9472347414953,1436.3508756471667,True,76025.55487819666
346,484,0.2821965087665316,1159.1241266833922,801.6731867095176,True,29791.054741858166
347,2442,0.447728601427701,465.92493347215395,7248.773122182913,True,83416.5005449868
348,542,-0.23910035704290852,575.871050080922,575.8900098160066,True,10233.043544955017
349,386,0.2480517009971326,1945.8440834049081,2085.4274635347497,True,20945.576735069673
350,705,0.34740642699303503,3649.7751606997276,2621.4817955376884,True,23146.675150885207
351,157,0.09944464316981666,2271.784838909765,2742.479596347328,True,21197.37684182955
352,638,0.07033200131840338,2444.2149238918946,3275.5837650796902,True,52841.33045798941
353,721,0.0671052817100952,101.89756276581767,2188.3853789167833,True,68196.31616454484
354,381,0.6578073451305452,3140.857065703088,2093.5734090184615,True,20563.102054794002
355,90,0.8582724403188969,6117.769923416389,5820.502656224227,True,32839.259337661664
356,3125,-0.19732955432661956,613.461705791575,578.5777470217453,True,39888.04843335471
357,3883,-0.204093725840204,1788.6906422947375,2230.7295122571745,True,79834.65383880668
358,260,0.1070165101258791,2391.1928464257026,2259.8460879920694,True,25897.943832212106
359,1607,-0.7901285838732439,548.6892996236239,889.7567643876617,True,98808.8976509229
360,171,-0.7649115611088574,3561.8650662252694,3564.4793358611128,True,10870.701167002813
361,3592,0.19860972190068207,398.9164975751657,399.05292936124476,True,12563.295507764144
362,909,-0.9289263390070794,62.118846322694104,62.113272013586844,True,52000.24211056617
363,495,-0.5588894482320859,4823.584215129722,4934.818094372642,True,40079.05290837271
364,1543,-0.7248167175678444,3970.4632886834565,3350.3864433686254,True,33237.09048676854
365,2212,-0.01702057792761002,2879.403218468517,1484.965365032416,True,75718.75543946521
366,215,-0.6802292996174099,1785.7626108365348,1788.2834542616972,True,11933.339582884886
367,305,0.2028878415176036,1184.656706407402,1359.0573896914555,True,13637.316472140268
368,195,-0.7246774904501804,632.9083135347203,1059.5247625300508,True,28432.85013803187
369,6788,0.23136840186601823,1152.7725983066907,1863.108027865719,True,91652.95470437586
370,591,-0.275425001120585,4152.8037358923075,8922.923263644177,True,24597.36044215419
371,9357,0.5764858924877261,1022.4846637489214,1024.070627623201,True,86401.08710649928
372,1701,-0.5299742218173579,557.5512043129131,3738.085571118066,True,74190.9684709163
373,569,0.9699369042429273,458.882767888948,459.9648661728293,True,13947.785284288144
374,593,0.7570951624906838,2174.446282058483,1515.9127644592415,True,18079.601077616757
375,175,-0.19101913413327137,1843.528801645578,2352.6591965596767,True,25540.034384736005
376,474,-0.9550336032037186,5042.811140870459,4415.863829452481,True,20709.607523130333
377,611,-0.898437594406939,1154.4949318315657,739.2466260464832,True,43316.33457879646
378,209,0.22619968019532516,1258.9008347120925,1257.2704873022785,True,13189.329518788078
379,374,0.7138936811772172,2148.410328720305,813.2505566848783,True,11485.505340205653
380,164,0.7454106148402554,507.1843952195133,3208.727331967624,True,10991.895504055032
381,384,-0.3406607987235636,3493.7245894576663,725.135849936778,True,21114.58710930764
382,632,0.3788791759161311,285.55936902013883,291.6470287106221,True,80770.19912846599
383,600,-0.8852775148126272,3127.856675084879,1404.09505093755,True,42549.49294964599
384,590,0.6952861515206379,2485.7997434350177,80.87797608976467,True,64262.114952283446
385,4199,-0.6134593657000608,2832.498481635426,1610.3071817710704,True,59646.95694757794
386,2652,-0.8823959281264028,2203.1108494420846,1725.5015097846733,True,70165.88787015667
387,548,-0.1108792370206438,2897.905630692169,2896.6835821991335,True,23733.8071264983
388,356,0.18514130032907009,1328.2220709789274,1431.6590818630762,True,10228.897487864206
389,1994,-0.0661881990079093,614.1078606078386,3643.0239098222382,True,96529.03544103116
390,1190,0.39577417606585524,1100.1178509001766,1491.3515340891438,True,19484.454302478534
391,507,-0.7200811848367524,2831.2043614178483,1469.5594120421845,True,45175.841450259315
392,2265,0.5534708527521346,631.7926598750292,754.9449625822526,True,35269.67713689547
393,906,0.8700067362500773,1659.452874578039,1789.996544213792,True,35361.46066750902
394,569,-0.578949753561827,1965.5077315235876,2830.7549242687714,True,14799.353447405865
395,1466,0.3894900647845772,2299.7716570792636,1836.1289913216779,True,31113.711339505164
396,205,0.33339567173794016,1296.6767530064108,918.2496900210617,True,28899.214547837095
397,3387,-0.15233345615359256,743.2055245411876,1131.5169085409009,True,53638.09226729608
398,106,-0.056215730601818864,1461.2139377833319,1461.3881144949924,True,15385.040403497138
399,1116,0.4882719283831736,1277.6868512109872,1216.7380145057048,True,80213.53133015726
400,675,0.37884718773676945,463.5130613451729,2770.4016353679813,True,64370.791571823305
401,1430,-0.9029625572253501,1949.0370643462952,1949.143055129832,True,66844.34145915158
402,378,-0.11975089537940149,2973.779151344078,3679.7027514013835,True,33489.40088908372
403,528,-0.32937343119490387,490.30163366069934,272.7030466941908,True,33010.495819268515
404,779,0.415198409323933,1126.6655583983643,1017.764267106529,True,57078.518664941184
405,1132,-0.06377635105623868,984.4839070538108,971.3688929333557,True,79047.2507653854
406,12174,-0.21846030628374108,239.71374252612176,732.3318709866138,True,80450.38086197189
407,776,-0.1398453499183536,2386.003201539761,1993.9444738513228,True,79891.16000700292
408,277,0.10277640414147106,1346.1485792961432,2711.0488702226594,True,23032.37629519233
409,33811,-0.87026784390526,1192.233965598069,1508.9615118928273,True,81606.27881389511
410,8497,-0.8305814906529149,1460.4152876616895,3490.884039512749,True,21252.251297610892
411,141,-0.8538413377644031,4920.284084684588,4434.881492908149,True,12159.028147498324
412,969,0.8477993623919667,1213.8619314979092,1530.8842221818848,True,23756.675723870354
413,4746,0.28048819137861053,559.7285768978342,3363.304704453384,True,17660.44016872201
414,463,-0.20152478397521886,1501.7666753554613,1127.6373006302122,True,15919.525587843473
415,196,-0.8021166007185959,1696.7426191308089,1585.8009754919851,True,21763.366818316605
416,3150,-0.5954651108734711,3946.6294316855733,4582.574054453995,True,36124.48933459981
417,7071,-0.44539445840153213,875.200484272439,875.9721556003473,True,71065.28468713009
418,179,-0.691311620626453,4013.1936558677708,5674.586575350998,True,19481.715801671497
419,4414,-0.8372785017917557,2569.640498722361,4262.24510564921,True,35985.879322736815
420,1575,0.8405982564937038,1441.2936832327712,620.5372172051991,True,12595.156741149274
421,3199,0.9286394731255069,2614.593304604856,2251.7246354716644,True,98797.42370977186
422,2787,0.923622127868844,4068.034888341,2432.664251914219,True,25363.839614452827
423,52450,-0.7121641661708008,1578.2493785890429,1507.0822018539573,True,34927.66914789465
424,918,-0.5250420334434466,1488.7621673751717,1488.071953038655,True,57762.919929660624
425,9536,-0.9974716783860417,257.23554481447036,750.4094280653977,True,66742.30068889704
426,2328,0.1903093882366301,73.41849579102845,3915.4824280556313,True,40259.4585620805
427,382,0.5324605850578724,991.864124955092,988.2745417270545,True,14070.55897966974
428,447,0.4290140202201467,1881.8743926084303,666.1584739389048,True,19493.19170215262
429,2982,0.15291462545600398,3045.8866751992928,4499.521973635065,True,11800.403920305816
430,658,-0.5537078520409846,1471.690984986577,1471.6885337604547,True,30800.221011653026
431,201,-0.08730052908594947,466.4245313436836,2002.3795504684817,True,11317.664351893593
432,3024,-0.21815000934074683,1755.7342376036322,3906.8423932975115,True,84530.29734895207
433,4411,0.12666102109095498,137.3765725707634,833.4700415239677,True,70207.3155327857
434,4024,-0.5666261822699933,1789.097569176617,1275.8719483593763,True,36753.71839895274
435,749,0.9590773484876209,266.61015407663035,900.0847168107485,True,96898.27170514132
436,850,0.8713810084692706,2853.722970046946,3460.177077111295,True,37822.82770644326
437,519,-0.75088560568108,3498.993641106588,646.7112462156796,True,40160.786172811626
438,1955,-0.034246531435662114,2970.7022708501836,3705.8324112134587,True,22659.760155110704
439,678,-0.4207590660204262,344.45885180289326,1660.0878164203823,True,45255.73720573284
440,243,-0.9388065771029713,594.4408557737694,2171.1864004255685,True,14077.340036160545
441,1053,0.7991305276926569,6162.636660026464,8150.338623102192,True,77210.58061616204
442,1665,0.03084576104990647,4167.358423270956,3432.3449180527573,True,22275.9210156849
443,53284,-0.9982699250764056,1592.101760563461,1658.4465735575222,True,86683.55498226284
444,1010,0.5465667370393881,524.462403858764,1547.328670820417,True,81639.81880182431
445,865,-0.8835378847411667,2663.5452239155857,2686.474638208242,True,10365.280676951821
446,1721,-0.3926522067508689,1425.6088363781525,564.5135191687225,True,82658.36706469287
447,325,-0.38414790250799696,1349.4929300027393,4080.9199035120205,True,29604.340511173963
448,519,0.4458328005881414,2007.8142326483764,547.2520220832894,True,24795.671422625564
449,542,0.9671257175550416,3795.9533170354816,2896.5554933388444,True,15239.013630457739
450,724,-0.4429244856358258,4227.480045799977,4199.084341485634,True,22638.097686208548
451,6204,-0.29743196248217646,1436.2483129111704,774.3278446650313,True,91436.61511035393
452,7747,0.19211109291121123,1307.4701463294848,2861.0024065693783,True,12860.496525885768
453,445,0.8980049673795307,1407.2969141036724,1472.5919299508053,True,45734.75275542909
454,560,-0.3590324316699604,848.3946133433363,630.5871128669471,True,26453.645852265934
455,738,0.7999113474508697,345.2422787620956,538.1567030641951,True,22767.354522988022
456,641,0.33809831308814475,1061.816316554641,248.46083051515419,True,94604.41685688363
457,536,-0.930098351532961,1035.0858903772764,1682.9831129382594,True,30541.889350390175
458,6044,-0.5621036161275524,1021.6352387886112,1011.3553394476535,True,20669.45602770515
459,11397,0.37343048912282184,969.9460166324625,1606.0432662970459,True,89662.86532977076
460,447,-0.9958187817695741,4451.144243493199,3005.6502136238946,True,23933.16745231345
461,267,-0.34904831149420046,1592.61276530972,775.2047058073043,True,11949.570880911717
462,132,-0.5455409255603466,2903.6839468472053,2133.0859582585767,True,11264.826413917146
463,228,-0.1678932876902492,2862.5019326351467,2052.9127111253874,True,16826.25565157388
464,322,0.16713944937068895,1072.2141760489064,417.3017155085506,True,24632.205018594166
465,107,-0.3409504619969114,5120.29461992414,1414.4472418532466,True,12112.029491306743
466,388,-0.864839530531691,1733.1163647087694,2078.8850751482737,True,17760.078745035655
467,314,0.626153064237912,458.40813361949074,463.29532684742225,True,21709.717993406637
468,263,-0.9153091634466437,1931.4461953732116,1928.173671450944,True,18903.209910897614
469,1086,0.0012991960996813251,85.41557030406696,3393.862810112286,True,85343.95418587305
470,662,0.01957325198293526,1040.6506074685271,1041.594791789985,True,10368.326335889644
471,1802,0.676643233672644,5776.536292545123,4745.097804916511,True,96364.85767002529
472,18369,0.10264744897560475,623.4651358448104,1144.3190387150387,True,42880.44091714183
473,1035,-0.15354677523197985,2854.229525460239,3159.5238694486466,True,12175.752988607841
474,168,-0.9683777532824995,1474.9620241354635,2405.9039903894068,True,20860.840472273656
475,798,-0.5588076819251051,931.7649684179096,931.8257814809745,True,14501.483765267632
476,136,0.9016774751365528,987.3465656163776,786.995876298626,True,13222.636740628252
477,63516,0.7869968250553006,528.3464475121699,531.6330961259281,True,44005.82595751445
478,1336,0.8699985543917846,447.60390615718586,1318.4252256491827,True,94467.64080539958
479,1268,0.9030795271232759,1468.9832284080105,1471.9969851344756,True,61490.23707318496
480,539,0.3217902813185308,2255.513757828793,1765.8235209598868,True,20157.29728288633
481,247,0.0710568395378599,347.9944341313,900.1114523162537,True,37259.94558481196
482,1611,-0.9238599161774272,2396.6368474496344,1922.347630922862,True,34623.24616184765
483,559,0.169593858520319,2652.8813685763957,2614.083275457805,True,32807.221728762604
484,1792,0.14562668998661543,1536.1491774090778,887.5861752397905,True,13934.044806131957
485,10102,-0.6369726300435448,2112.4467046524014,3140.5577870966463,True,64337.990565934386
486,74,-0.23409652239749706,4696.541715360793,3921.3441603446295,True,10018.439036437072
487,3855,0.1269590057846801,646.4747246729287,4348.100643744798,True,60231.52146449772
488,678,-0.0943591251436541,2743.5787433684486,2840.030099176207,True,11259.945830122684
489,2165,0.5607042542571594,685.5582092114207,417.7271025255298,True,69483.17481622272
490,3656,0.6904920468109146,1374.6279466878652,809.1881583604652,True,34035.50867155841
491,1825,-0.4832019633912371,672.3073865561653,930.5097265679128,True,85274.51380953402
492,518,-0.9255424935989816,3021.141726742402,2582.7097981196725,True,33231.623085478226
493,2544,0.06270126293106118,836.1902452044733,421.049732594423,True,65873.14048368877
494,1293,-0.1703437757175394,457.6714820439872,456.0420690270805,True,33964.373541301844
495,197,0.08654110750524131,2197.0026646621204,3223.3774680957135,True,29464.32415353817
496,1128,0.9841044095649207,302.840838049353,773.0640088738603,True,30929.269865614853
497,22458,0.801196253479323,978.0621830371892,654.1861203094944,True,27000.277885015454
498,1223,0.7660070177844566,1346.1809044673817,1399.5214150986071,True,17643.43001716523
499,5219,-0.9720109895554038,566.287813649348,541.5396297389302,True,21070.53442368268
500,668,-0.3401293587440338,2929.8082341383097,2710.5654366451918,True,47075.73009795604
501,1107,-0.2619880529805203,2297.94727354595,1174.3348208078598,True,94720.93717225776
502,642,0.8163030928124677,3211.758917624132,2547.4659548069008,True,41904.93127025127
503,277,0.3115943604196848,1067.3791859263904,1240.5295486600648,True,24805.65199935164
504,519,-0.26589933968123164,2424.675049183923,1195.1366489311836,True,14569.518657960194
505,324,0.5995571432001979,661.2997406070809,660.8199418577168,True,29043.07716534975
506,681,-0.5832482763108499,1413.8687673140184,1032.8827519606798,True,60534.83786882681
507,1639,-0.9701842217300368,2458.1530133029887,1879.7552685271005,True,53274.33368951666
508,3682,0.13667117760221564,3930.240020433861,1892.0740861775573,True,12341.063816091913
509,191,-0.8481161502171386,1236.1498029283196,1105.3276374907239,True,16106.021964388676
510,3403,-0.42577022195720526,2559.083038845834,234.2713873947881,True,95281.57795363046
511,1558,-0.7585200438382351,1428.397846013522,935.5157046843121,True,15347.933041875893
512,2313,-0.5268302105271624,2083.586187245548,2388.943709787982,True,30072.95054574447
513,2173,0.014613203603712356,1633.9875297175572,1633.9081104654492,True,30055.736833438976
514,280,0.9402311141620672,3065.6699265178418,2399.9500076143886,True,10073.946445673935
515,2741,-0.7457516570052208,2852.719886959124,514.656603692024,True,20175.739039902885
516,2802,0.8347647875254084,2793.1675066883363,2757.115254466002,True,13904.103794803059
517,1358,0.4313934396372844,1770.6372088046453,1812.467741967881,True,47100.03135034672
518,886,-0.6724329916521977,2070.6620600619503,277.2569818138877,True,19110.143575869566
519,178,0.6090888903972975,924.0999233880342,904.978474186051,True,14971.157361041334
520,511,0.8884525445438298,6210.4032790260035,6753.377417846898,True,39728.917463591875
521,2081,0.05490517105663859,837.2840978174378,626.6218411448518,True,43713.588439700405
522,435,0.9965254571207045,3010.6814378988383,2785.1064296426366,True,28826.10872267517
523,308,-0.5962621794864681,403.88367670106663,406.03290165980644,True,19898.658326830482
524,297,-0.7939208653193903,1227.3432280573907,1877.3627407964354,True,14888.297309149724
525,654,0.8243259336287082,4104.565638896267,350.2223004929855,True,16836.379272220263
526,1219,-0.078346906670902,1521.502262149713,3965.9769803027525,True,24901.907550134438
527,413,-0.25641293043459057,2017.3290734255343,1017.1498235914014,True,24246.2375730733
528,445,0.7402387124510155,3153.769612981929,3167.659677380214,True,27533.049750115162
529,572,0.13252516574899617,712.8052242474974,1609.5933316233848,True,94247.06868198811
530,646,-0.6673747273951237,1072.6546093890604,2201.275456084597,True,24714.61606079768
531,330,-0.22847493335054236,1933.684207987894,3068.1735095149807,True,18451.153107875467
532,3730,0.8564089028624182,1464.4980701568138,1116.4099127974437,True,10140.175668100339
533,1214,-0.5417743162494874,2522.5117559375794,1125.8817106968684,True,26864.609907716847
534,1865,-0.4055477483268183,520.3898429216499,765.4717708357416,True,69477.44622241991
535,485,0.41081901260315884,380.55401258844194,1549.4475583782546,True,38808.765945920124
536,1036,-0.35813426860967545,3019.114488702342,1079.3854441262881,True,86016.73104919888
537,112,-0.9889442738291654,3705.555142343056,2350.44895272314,True,14315.642874454428
538,141,0.2746984617589155,1062.7351705307497,1105.3767457449494,True,12513.79242984943
539,18936,-0.7852002379213792,291.6739678654301,289.24324290374864,True,51055.70182311132
540,1703,0.6766107737896331,1045.8887792445723,894.1729298267461,True,29758.60704648671
541,32610,-0.4471362444552582,1949.1179282610333,1708.6729365650287,True,60323.16147365899
542,1687,-0.3254822670816554,1268.8150530991518,1634.5695037862884,True,99813.93550842711
543,295,0.7456641934632953,1593.2514449593764,843.8885347276077,True,14107.006794698389
544,1962,0.9829325414933904,330.99247925183465,943.32549510822,True,95112.35746449103
545,2125,-0.2511673281493005,1018.0681181960477,679.4830157198624,True,14500.110855969397
546,279,0.13883129936239474,1683.3679586805947,1590.5168465564993,True,42406.72238992575
547,3129,-0.15456926438471444,2469.6960319043396,912.9205126941757,True,13316.444226312819
548,1640,0.8618077538600722,8031.014924917905,6959.948123966184,True,14776.178943506115
549,1197,0.9817649667785164,1829.2343518028538,1851.5481469027288,True,30794.046078260984
550,8815,-0.09274524775054879,827.1882439714757,2337.696851861337,True,49024.99653079902
551,711,0.11885391959948811,1374.9302887047081,1130.1860360683465,True,96862.4712907624
552,57027,-0.38521038579731415,567.9184610493743,1554.9079050479445,True,93026.76231282925
553,399,-0.5617150576522546,1203.4991176168821,742.01851162767,True,25617.37979553741
554,618,-0.882715938687774,4424.8018531349635,4023.0730755362956,True,11821.609409690305
555,1133,-0.048561415143240264,522.1546970442243,2324.1154408273815,True,34575.78547315766
556,163,-0.9530768497534244,1828.6195975555438,635.0181031275713,True,19669.665809058377
557,10706,0.09659396427648191,832.3297830401871,815.2865117692988,True,21618.8279118394
558,2880,-0.6460443628737913,7140.355851273568,3769.4260972152956,True,73783.20948496858
559,1804,0.3997101390560139,225.86674970188227,1469.9285720000846,True,30439.12076898176
560,1936,0.010114867835418902,79.72755605935781,189.93561114537775,True,29104.027568521626
561,537,-0.9910544507572181,845.3623923875077,3018.971264990775,True,18120.81154953554
562,4819,-0.5028795458594445,5956.632363772975,5958.775340004548,True,75193.81908668623
563,316,-0.4176480322211432,1810.5961982898,991.9946452917178,True,35043.911089380585
564,1948,0.7747191197578239,1628.3623874663,1631.1378244122675,True,83295.95475863857
565,2584,-0.6663176851657859,955.2446563947966,340.422409892093,True,85519.55422295607
566,3344,0.8537350297894556,674.298299260105,674.1570482666253,True,13114.109435261316
567,4405,0.22841891844010465,2588.275993799265,5046.279808466082,True,97456.18309342084
568,581,0.049569674125231764,3139.6179502607615,2492.338633748852,True,51152.973571356815
569,722,-0.05272016358429093,736.3314378233497,1263.2232179837736,True,64641.17944624423
570,464,0.99723737791433,3477.998211966957,2288.3242428982167,True,34306.25568839139
571,211,-0.8771952437577879,1823.0675768702085,1823.025378769836,True,21708.0800937778
572,652,0.7935835718815167,1333.7114597746531,838.2204802995265,True,44426.11614793325
573,266,0.15541234015222186,1562.650060022317,1581.861870093981,True,22487.380363920453
574,703,0.8654740762683556,2230.282962313273,2218.8211013770574,True,45265.170968682876
575,492,-0.3065466518317368,4767.443221722093,4886.734514028616,True,37706.262477691576
576,751,0.9692860008103105,2276.704409224343,357.87930525355944,True,60839.555753617686
577,296,-0.6333569299811245,4107.157661041382,3329.9700602762896,True,20424.679501135364
578,469,-0.4146220633485663,3010.8845288209163,5815.371815295293,True,20274.221734723724
579,11072,-0.5360698651076956,1187.8883018512165,839.9830140513101,True,60373.769727287334
580,661,-0.4916274280198688,1359.9370002452742,1351.3493137905919,True,92025.04290387471
581,983,-0.2082420789076833,2150.1053693963477,1145.9852090913894,True,36463.9985684821
582,6794,-0.4647386233039431,1024.8577990498102,1711.4834124112817,True,25450.694875217927
583,914,-0.5964811341285383,760.5066353446916,1269.9039443502272,True,26672.887226654537
584,925,0.8619150003334118,1474.961826714199,969.721556836373,True,42517.35686474213
585,233,0.5250739144848854,1290.8016417985539,2698.341857477745,True,11928.255522761816
586,1314,0.8789770019708785,4166.45337644242,2173.5899019211647,True,14041.223014597033
587,158,-0.4222668475073713,724.9996812902381,2134.342691849848,True,13872.46561930603
588,519,0.855603646061858,563.8430151271242,1418.0161522580302,True,14955.772951746358
589,626,0.41046331428198024,1213.8623030415051,1100.363638904008,True,69302.03594232345
590,850,-0.05374909382189092,1075.166087384215,770.8392445654678,True,19023.507265884855
591,2557,-0.6983846831883334,1905.6246275277972,1902.2524553592757,True,20386.654922131234
592,352,-0.35400722231282933,3337.4254872432784,3154.2961041605136,True,14498.119364096796
593,197,0.02538341346119149,6107.357138743066,3574.663051755124,True,14166.62702295751
594,351,-0.873516380769688,1780.48936403144,961.4330984554736,True,16847.248638065466
595,245,-0.7027597674462254,3614.484994404833,4474.539196994211,True,25582.099524323818
596,732,0.4953257528285964,1886.9342406026046,2414.1986329775814,True,10625.05778478052
597,630,-0.017515021056291005,630.000601861302,252.62174955483766,True,11882.135871632365
598,528,-0.26514740585103785,2130.7012831158213,1067.9886618428757,True,17138.835873230408
599,516,-0.6545024438674079,2430.4796606272284,7227.955305320947,True,26431.937329220527
600,22335,0.27302099542412145,646.9612753024745,1834.074776354899,True,90199.04984502986
601,140,0.396844634052926,719.9566253876287,456.7449614269057,True,22304.167180245982
602,56413,-0.501130326447428,634.233418367468,1206.0901779874036,True,95653.70548628872
603,209,0.22380623232677496,524.3031535011802,523.3190885385915,True,12829.197671041571
604,7512,-0.1971877126203803,3416.3160869455282,2757.9894761498313,True,61573.873781373266
605,242,-0.05328652758592696,2795.2187228182856,709.6179426520908,True,33556.59644118691
606,1465,0.4015791514198157,885.2339079224005,890.2620345483343,True,69143.65035965826
607,3673,-0.8012901417636564,2875.839032646164,2841.194191480914,True,69705.00531906498
608,852,0.1820553274129921,927.3171808772021,681.4280213209051,True,96032.21190879768
609,897,0.2552534062736438,1621.6344205949817,284.80580171104987,True,60255.68080744399
610,895,0.7816454413951581,2995.4617809966876,3606.7721184788334,True,74939.97300962555
611,340,0.2995555393463835,826.6527536724996,375.13578964177105,True,25166.55271969523
612,136,-0.8218619365469833,6577.306002738099,2910.6205209288005,True,11454.38714954934
613,702,-0.3536586299665381,773.1049549623765,872.036133701679,True,20647.127057693015
614,1007,0.49741401120967593,1731.3489445731464,2088.043052681467,True,38158.66435027711
615,1847,0.8313513649592381,5506.517377256987,5804.047464816699,True,75335.63948838988
616,528,-0.8583992197269711,861.9152885023882,1118.8906626434996,True,65195.13967993839
617,1629,-0.6064443326193456,2920.9517833573104,555.0534418594483,True,91577.19788785504
618,885,0.9906937163767997,322.3511579941244,189.05813326717697,True,72808.11988875674
619,625,-0.4902451000409257,5518.387562202313,5960.419085602699,True,31507.934195105707
620,1761,0.7906125549638899,3242.2993345471223,3242.9407747351092,True,65901.64504929942
621,1895,0.06201797106422668,1449.9179242082014,1449.1476478644145,True,50355.14342916598
622,357,0.7767879792678551,553.1439706066599,1812.5019284779653,True,43850.55245493752
623,12696,0.9587929707163879,1170.0439796800936,816.5929876444883,True,54021.947243260794
624,1907,-0.3581361543316339,2309.463028323609,2321.7656654402185,True,36679.867586297114
625,242,0.5510978547118895,1343.3937017419214,2343.388422598134,True,25334.50261090498
626,148,-0.758642897489969,1164.5766402464283,1340.8615996495462,True,19170.00544614575
627,2506,0.34084959025478284,797.0111152336923,1423.66218233913,True,47775.68958371807
628,339,0.11596672838547122,3140.833329739353,3138.1911870064782,True,56767.721947843325
629,1648,-0.40831201831823377,3845.3835219565244,4578.293012412705,True,67384.15839943777
630,296,-0.6833394208639281,1187.306108137279,1187.7681640855803,True,11410.943266558537
631,391,0.9728059870143047,177.6869672444814,901.2791228777123,True,17710.733334150063
632,808,-0.4734019141600343,2954.3019819478473,2472.849901014373,True,76756.37993980807
633,203,0.5592486316683197,923.3909839033366,420.3431668900889,True,20948.40214347305
634,1845,0.31014802108094475,3252.091516785631,3153.344529983282,True,15686.500884561538
635,895,0.6966526060442736,139.59407447081327,875.8149432712876,True,54895.40556074455
636,1211,-0.8891399057997957,2280.562385616249,2260.1974691102655,True,25240.807693601953
637,872,-0.4353512390588045,830.8858414267211,276.27742216065485,True,34213.15911064999
638,2094,-0.4483063009947569,429.73783743588115,360.77730757917413,True,93360.07560763572
639,2908,0.12667950300565747,1277.9735063475398,955.7362134781729,True,14347.69280448494
640,393,-0.15975794109980304,730.1561289979302,734.3804540573828,True,50741.42573019798
641,635,0.9573583049814344,1960.4792917023108,950.8796946637934,True,46478.891856338894
642,1197,0.10087081877262491,2051.69805224156,2056.346332319897,True,47575.80351086277
643,4766,0.6853045991365425,747.0917942351807,669.6334128390024,True,45590.835687321734
644,184,0.28034534137150674,2354.0102663967864,1688.3356145338144,True,24505.467502097006
645,811,-0.646188718091056,5139.722908464421,3758.4912062007274,True,40092.519815123625
646,1645,0.49574928581344146,4153.822823580493,4193.863429259128,True,51367.96277495422
647,882,-0.6953835306254285,2518.5069725445683,2516.4312387420914,True,10109.78674300181
648,19888,0.058643082423162594,869.0307598879147,3203.916827807099,True,72363.29111575449
649,450,0.45347275626207445,1008.6061774803301,1007.6786552451633,True,10299.522231222549
650,2427,-0.1354725594846961,3110.717023661716,3222.64979879335,True,57278.496695545444
651,117,-0.06218359803477765,3064.108657650638,3287.344283186479,True,12237.40512606022
652,178,0.021120673317645954,2150.642151032387,3360.287521824761,True,10211.311983397332
653,273,-0.20667977769258658,1066.0898621081458,1066.0359054531575,True,10616.733696220519
654,237,-0.12165561426719725,3472.606144565471,4513.383528108189,True,11653.003676417675
655,342,0.28873121685108044,3476.078978468765,2623.2147515208167,True,18596.221180620872
656,2078,0.9061185928705188,2512.443583418937,1767.4446652226702,True,25631.949416160867
657,5760,-0.09782429784793369,275.0020959961376,1182.4584275268753,True,33011.463544644415
658,4460,-0.30316659703812304,512.6337575485726,1565.4525774775614,True,87679.04406873825
659,191,0.2743242756797573,1048.8352866856826,2496.4493988503627,True,15740.86207003567
660,1731,0.5393392009267848,1921.1282875570769,1720.122994497963,True,95296.35971514917
661,955,0.7587580890691883,2708.4714297660767,209.29307467964628,True,28661.368142451483
662,350,-0.9084539832192399,839.5799623314676,903.7018262978117,True,16396.640914287458
663,186,0.524356124516549,3788.509448917728,3685.1070912962978,True,16295.347818365815
664,1149,0.631823482311447,985.3469586985789,2560.505737077061,True,43503.74474757317
665,1389,-0.5146486582373958,1576.7311065000645,3916.608627287427,True,20808.074566688658
666,225,0.8080905639799438,3423.891479798596,4673.290902163007,True,10260.743932864796
667,5145,0.0968916211788215,3321.785268167259,3294.345948925905,True,36016.242443710864
668,597,-0.03327193691117207,1692.719801619946,2635.380020951866,True,19525.45353573886
669,178,-0.8246550814232683,3921.0700121760883,3407.156811346076,True,11051.436233371462
670,387,0.6288873606777821,2049.726310052737,3571.042740088864,True,14494.00986458246
671,4921,0.0355823483741504,667.4901596194953,752.6400998721564,True,25203.310341413428
672,267,0.36972545070322405,2719.222420122595,3769.216901928122,True,25056.971808924256
673,543,-0.5007874767413851,1036.0910190306035,1616.5302721879607,True,29544.1841280619
674,3554,-0.3479802208130173,880.5318482525469,329.4652603187746,True,71500.97143450702
675,463,-0.24990068730596537,615.0995924768557,615.2179446678263,True,35244.20782016095
676,1468,-0.39458896865450066,387.5201294475031,5538.0643049025075,True,79681.41712206576
677,350,0.8761611488220026,2106.5044745400123,1264.9745919614388,True,18322.761090050804
678,784,-0.13939077658277269,2696.1586153697244,1561.0835092893303,True,67420.35320424831
679,18113,0.09266240884663825,1669.1580254924702,1984.533294546443,True,50270.06180295566
680,11876,-0.1600065032098955,830.9400608585189,855.2018500938881,True,63418.35741553436
681,249,0.5865558126059314,412.9186158492666,438.2580687685734,True,27420.9639314507
682,602,0.7073443695699125,807.8577949814498,636.0404547357011,True,14045.15143748602
683,322,0.9365331545223218,1690.9501314361446,1690.957341766398,True,18709.13226258065
684,328,-0.2802347828302819,1665.0932525357582,1236.2297182308741,True,17078.391998022464
685,1323,0.7199340493885216,1327.038424393392,349.271350560847,True,33144.12209217902
686,23846,0.27239292271254084,3244.778398884297,2205.351971266084,True,23684.43029709166
687,1517,0.19270687318986898,207.08107233055676,1557.6796798418814,True,51621.47728255225
688,854,0.4077123974420881,1543.6969803035713,1130.819162408255,True,63592.72167903056
689,412,0.4311535305928053,452.34896883719546,452.661704887934,True,48277.348419554706
690,359,-0.9571477810707664,383.44842253145225,653.8674732936166,True,28008.59570962421
691,349,-0.7674985370968153,2156.7635627460877,1157.69067797657,True,26935.72927278715
692,2575,-0.25898893659608824,2011.0399070351261,3295.381098743711,True,13442.217987932703
693,2499,-0.21730711876173284,165.18092185631056,1204.2884118191405,True,36284.94366604488
694,382,0.5807092760376056,568.6485740541835,175.5318399714512,True,30490.811160821504
695,567,0.5818970959825387,3217.2000473342455,1140.242460302231,True,19716.03098053486
696,167,-0.06756034915942288,79.20414283627107,1008.9901318239044,True,10773.449830891608
697,242,0.07388857163948807,1025.7987930375966,1811.6815224842292,True,15758.74603494541
698,24303,0.9959182095803767,372.11759478596514,1824.978774118715,True,13418.394119438453
699,473,-0.17126828235314454,221.14595540781286,1133.9336371018946,True,76321.45401554852
700,2047,-0.49001523243660805,975.8727280921073,1360.1209854234182,True,27215.243335905332
701,615,-0.28577986926071686,3383.6242212077323,4568.31957899964,True,56996.86504427979
702,71727,0.7501709985441296,738.964318425373,921.2038517496076,True,10200.731544675738
703,2368,-0.6624206529027273,875.7859101967983,1140.7378717266495,True,42132.24838639401
704,130,-0.9512361930365683,3335.6071758857834,1159.3696871979755,True,16865.981702554647
705,3033,0.44948165756635483,2285.606592299741,4918.274441004068,True,78538.6261725009
706,113,0.3264148546779011,1543.0857338279443,1534.8490828277863,True,14621.9697314625
707,1205,-0.5255156594990211,2818.784409967726,2816.765501295079,True,70091.79511913024
708,1454,0.18117141915868554,1462.1589808212968,1454.5663821447783,True,20691.733551738624
709,263,0.036052042937539906,1373.7968337595742,913.6392021910053,True,15339.862631046957
710,2748,0.6675989380229441,1927.007828919804,1457.5605576941414,True,76504.68913267604
711,587,0.9628611737973946,1880.668402802472,1652.7375184115472,True,53417.10238808798
712,887,0.5820556704912911,2376.9444175867775,3042.393477773703,True,99891.86249302239
713,387,-0.08209204001342005,307.54628893680916,177.41132553886524,True,17294.576551885006
714,4498,0.7759316871601509,1770.8322514069837,826.4536483765833,True,85231.37752569978
715,4683,0.8573997970617621,3156.3070849046167,3155.8040031082533,True,19296.166564969724
716,1029,0.1438800034639532,16.22616275475209,16.224113306082476,True,19888.282277973285
717,415,0.8259241335699379,740.4497329279886,739.4534862223611,True,30375.614545322635
718,170,0.6584963408659463,1118.2156911129973,1213.6904830462188,True,11242.65928382299
719,415,0.07318896476891183,167.9267662366063,2332.8033066548037,True,22849.6190798789
720,299,0.9132041738321317,3842.6717996114558,3838.3371721523554,True,10625.498960743564
721,5631,0.6066267724280058,99.66172272510589,561.0062719083098,True,27067.826719309076
722,305,-0.8295045618158007,2455.537214059041,1603.455278353609,True,12914.757891731027
723,492,-0.7243538840057299,1998.5713324161266,606.9514032326846,True,30897.926686547537
724,540,0.7956223422004668,1542.1749156552946,1264.338230019232,True,52105.99201072269
725,851,-0.8384891174265904,2610.860511509096,1289.7720858018724,True,72829.04692748902
726,373,0.5223525655128216,2678.124446174119,2393.4601110979665,True,25562.1901135465
727,4888,-0.6921317501506533,1620.3585359522258,1875.5859581125305,True,12898.987549959564
728,16183,-0.9680834366728023,552.6295731605488,1030.8456555802395,True,77735.71305862033
729,688,-0.12524535980218315,1852.5457463020225,2139.7970332570344,True,38767.48227075127
730,733,-0.7348389414895985,1217.8036583217447,805.1056514435711,True,43909.86897784285
731,1496,-0.8978358064434268,3557.7075278950206,3616.1485846430814,True,10873.103577168513
732,287,0.6292963850549447,879.3741066089984,1566.241430566709,True,13723.48057902155
733,161,0.6546980727084464,1509.5153591827573,458.67620937332725,True,11317.260552215783
734,1312,0.3029993797977877,159.7636337539454,158.44019978022934,True,33413.46373652353
735,10595,0.13671530019682693,3713.9101331397,3500.4048909210574,True,62864.05766766164
736,399,-0.7287916786723615,2719.115669888716,2901.021762226394,True,11823.454099578597
737,8716,0.25309910498706456,293.6945648132438,293.65551068370553,True,86373.62779983865
738,234,-0.25308890572145604,1504.564322866801,3609.2753460223935,True,22454.53870333149
739,1017,0.6290709380702348,872.7731263739257,878.0164147004296,True,48180.34291744862
740,19287,0.44615147337154,2547.7319036100503,3130.7377635850567,True,50470.5095274855
741,3018,-0.983859135146694,332.06650824141695,660.8990204362691,True,63480.34644277386
742,675,-0.8884440583063432,1397.2986292793541,871.6163781678885,True,14579.513375262695
743,390,-0.20381111237532695,1809.3081185535289,1399.3739412226387,True,68791.61754404564
744,213,0.9693875940933108,2344.7301667952374,3475.8612127771803,True,13788.94178449311
745,320,-0.9940418488390853,2237.464365255383,2239.4309552926225,True,26649.080028358272
746,613,-0.688548933310118,1174.610216052956,1183.017254342683,True,40646.323112187354
747,582,0.960278913444163,2062.5144928772806,2063.7526827252223,True,22937.05140090607
748,51684,-0.5872374257720147,825.0365470313154,831.5526592525907,True,71152.09290359779
749,530,0.07188010551513088,2084.8263337542535,2379.288789881819,True,49502.18342709219
750,3944,-0.2722496889463413,2937.3959531373416,1242.1415776430667,True,52268.66910784486
751,209,-0.21333668377904455,1274.8656415345913,3253.1043410806083,True,10969.31357968236
752,2082,0.2763572523865508,1982.1445945438293,2868.7509034756627,True,15831.745813269725
753,151,0.28348582096572994,4720.689357138663,3290.5800268165813,True,18151.565423102078
754,1219,0.6049569633644184,741.7322143396425,2635.172257949012,True,14817.686286553517
755,1699,0.5023168208110791,4141.584502035418,2191.819647567752,True,56798.73688368972
756,310,-0.7015905147162526,2720.2041765183512,1332.650064680648,True,31504.63561293208
757,338,0.2342222016515964,3046.4825484353714,1636.9475434832434,True,18115.526896384974
758,141,-0.8887559311687359,2730.1946267554426,2729.7180628882397,True,15012.46244457339
759,626,-0.5882109354893418,745.9343647288998,745.1568033178141,True,67574.3451062042
760,1080,-0.22264631419945058,274.95336425196336,1077.6398402777395,True,83915.13058919573
761,227,-0.5824847106092321,1088.1260602463128,1089.6232905048512,True,16530.403040414825
762,592,0.7441774617723947,551.2127918260467,2973.5337127634675,True,22557.109089974183
763,327,-0.5258287087549505,2789.1817718737166,2789.87857182201,True,13971.182265539597
764,175,-0.9234031227629155,1775.1746777695796,1023.6694377102025,True,10660.5914522421
765,2070,-0.39253306031433083,608.4787182159235,1377.405574061821,True,13059.265263593517
766,6886,0.6293716071692189,2353.138277454101,3541.550565840038,True,63651.31135353075
767,130,-0.6607149709060434,3491.8858988144016,776.4492378784587,True,15250.391701519166
768,600,0.16479718001143911,1507.2249382885695,1510.46784198241,True,21743.491684945846
769,2853,0.8579720421894396,583.9419852403742,585.5851906896069,True,87746.66748800343
770,158,-0.16955501207449422,3473.011962143581,2212.633612027693,True,14614.719984501477
771,697,-0.09017572790562975,2301.032693903188,351.5745265023494,True,55622.49879097576
772,89,-0.3874845167758086,2159.93986927488,2683.6874028249467,True,13652.058848178247
773,457,-0.7325252881322688,3560.58332499042,3006.465911297222,True,28613.42130719088
774,267,-0.43962363645441815,2270.909212796749,517.4288533354934,True,18325.13302985028
775,5152,0.015393168254178888,1462.0131331393952,2626.0724135912874,True,78457.2287084409
776,229,0.6001479994136708,1764.585670645382,4209.693099734658,True,17180.830437989665
777,298,-0.9650509252057995,4643.929133802321,7619.038528610382,True,18730.488234229997
778,302,0.38625132041088756,304.1211651282222,2708.9891955139633,True,34834.82225882569
779,1072,-0.5785425522739883,2807.2727534190617,2255.344311990196,True,95527.44424592747
780,1366,-0.4507655538088091,3422.3399521420706,3992.579292039565,True,49515.32030931733
781,3691,-0.513115487012343,1099.8059007631964,669.7919626805091,True,28338.25946153467
782,6390,-0.28721003464150086,814.5895061612658,976.6040623370833,True,11912.332077339537
783,2458,-0.433534118878591,1639.9724933818686,1620.7702934338142,True,15390.937625141905
784,61,-0.400330852434532,1498.7681516108416,3006.0967325882357,True,17141.52361724599
785,659,-0.5776196709441022,505.9932512804288,1917.8211603357793,True,93200.35671051394
786,494,0.35575310595841525,4655.602806043367,4238.815102515321,True,20552.90904845519
787,2071,0.15462278465129484,2123.7469246730734,1588.9058812958815,True,30456.82341238842
788,7796,0.4079576266133554,5131.973433131952,3572.1208538062356,True,31166.904447255292
789,356,0.7751835286049439,1208.3203049189924,1143.5881684227627,True,25937.267545285624
790,6593,0.6194267557011227,668.0588240185593,1318.805704263476,True,19688.78111940087
791,184,0.19567957779493456,2474.5277522070865,2123.8191729056352,True,11020.701022294927
792,222,-0.24915851050301127,2372.0408829166377,3335.6119283403973,True,14534.618226822447
793,718,0.8188921065620768,1506.8636626530292,2733.0796288128618,True,32742.82843263361
794,425,-0.005000587083705908,1076.3472685147833,1655.3348866927058,True,82037.29127672793
795,248,-0.19279096955140876,2862.155393301346,1875.9418738463191,True,12307.384993539168
796,1392,0.8689335697424617,2151.676507788005,939.6764704573678,True,52875.06833073252
797,671,-0.10071701604110495,1.28280355630518,4.732180837661717,True,58421.92573346861
798,1236,-0.5864466612154645,1224.6006324925866,2248.202155678933,True,37424.31944622563
799,141,0.8289666106145583,4252.343715020195,746.7794854950716,True,10660.81416454555
800,729,-0.0035800821378313124,1095.1652527595725,2017.906488289956,True,37234.52506087046
801,171,-0.1928104816292871,2166.4085750605477,1584.0995215137161,True,21908.452089967264
802,176,0.29439138177800683,594.4423799399094,587.4081368494403,True,23333.030088257725
803,999,-0.3299255041238427,1906.338508089956,1563.413620827808,True,50037.34326924978
804,924,-0.8800732295960034,5058.969057817074,3406.795180314515,True,66601.71978178096
805,134,0.261250242287845,1630.3689680665802,1212.1927432699392,True,13976.425248244674
806,8487,0.6906568930064635,3097.6405665170932,2661.5231969672245,True,11789.167822661622
807,954,0.636520913332478,3453.421742274758,2370.5376383197504,True,86172.69520506624
808,672,-0.3340728692746516,559.3491185475984,1524.3763580243303,True,54851.285025513425
809,3462,-0.07037173007715068,177.71561562132294,1341.7349685732404,True,71229.8235736612
810,1608,0.7691174009410792,491.3730466250728,485.9286356277463,True,90155.06350546346
811,515,-0.8658886070801428,2533.9747238382606,2527.5639171741677,True,51312.44251477682
812,2589,-0.4802090478418917,271.9629168675709,1559.4623498194615,True,87506.77055669627
813,675,0.488890387074594,873.3105140112232,879.5460717896765,True,17130.877012871475
814,2358,0.7544707772870773,771.5340461325679,771.4275496868507,True,48604.09215497934
815,12818,-0.3576234430992283,718.866497554433,268.37259861536296,True,85669.39165674095
816,946,-0.677166482218791,4920.810581362198,1331.320683432055,True,92565.2575691092
817,287,-0.5939551951620293,2963.424451393497,3510.080110845533,True,22883.925383428345
818,1711,-0.7180875245033621,2270.9188485117133,715.844664023196,True,38577.032188428304
819,1294,0.36103156161898947,1142.32116307119,970.5797963584494,True,14063.832208791673
820,376,0.9228802920475677,1657.2995331390389,664.0159899073502,True,15498.541849225847
821,1235,-0.26207319579534083,1883.410838056106,1767.0280676322675,True,29085.020594122554
822,541,-0.02478944396556098,2514.881558790378,516.1864935697268,True,24163.8999401063
823,1679,0.8210130428322828,542.2252975560053,431.10472557402534,True,17745.452613779264
824,6843,-0.4453776711819427,2985.9543463515593,2465.83995195987,True,32928.96376325367
825,1418,-0.7677221562040951,4142.016891036906,175.54883488489475,True,38427.6595205585
826,292,0.33238183103144897,753.608361420602,328.6658837264835,True,17501.942325386408
827,95,0.037747385393321474,1815.391756919831,1870.2848098929865,True,15147.299053983097
828,4467,0.068958276741838,3129.4242868178703,3128.7106641567907,True,39635.61008598044
829,489,0.884958088029756,2203.5930340342175,2204.193503222442,True,17322.020021172535
830,15472,-0.08645803888441203,878.8617680548629,165.07914590943884,True,90863.06359156407
831,645,-0.5977794502716063,1964.4571763537274,1194.7688954284347,True,15963.426635194188
832,1371,0.6948353135113192,1372.1684524527216,2709.0476293112856,True,79165.93196490423
833,1582,-0.22926303431818412,918.7706955559457,1229.8534219806015,True,78957.18949016035
834,25450,-0.9814405297978077,2783.174665291876,4005.048628344412,True,61988.04734891426
835,615,-0.005630111388605425,2149.007655626164,871.7625102406357,True,14113.722563283567
836,2168,0.7262902083472711,2162.0554116465137,2183.2160639044646,True,50585.18884256144
837,635,-0.14364226726084817,915.8487561980943,1437.8602721115128,True,54244.62415809435
838,556,-0.1606619726917099,4326.511745894397,7478.89479281121,True,68443.65102679275
839,410,0.9800032760851495,1903.8928354067916,1937.1087144662624,True,17599.311383323813
840,696,-0.31433212604149924,71.92579857109857,15.206883140311366,True,57223.24884595245
841,1197,-0.8612033172904426,3834.5703444630444,2373.8806930137293,True,10722.686386057167
842,978,-0.5503597146956662,3545.4847269367315,1522.22720205201,True,35645.10334317985
843,371,-0.12013490736472049,4437.690299181711,3298.5008158226583,True,17420.391500257716
844,8282,0.14140991632860272,953.9337519872336,2376.5669703577446,True,54427.23523974841
845,572,-0.044001943685272285,249.2433255100492,249.73302902937684,True,23607.608042917513
846,18465,0.045975484277443274,1295.5149651541142,1301.9581159665383,True,40383.93612786243
847,1461,0.8302532701733513,3457.645432473187,3627.957845163473,True,59638.724558605536
848,594,0.09364072166475211,5993.719170382096,4956.98026741403,True,34167.14936149216
849,346,-0.5346864425728127,691.9756936243322,740.6866660394753,True,34816.05365833631
850,797,0.5291277444787748,812.5323085641028,798.0852534486932,True,57153.32170478937
851,322,-0.30547356301824247,2131.065733476947,1309.0932427566343,True,39971.12852003441
852,452,,,,False,
853,346,-0.626180349392684,3822.3954239217132,2932.1306288052565,True,25950.102636879954
854,595,0.09920757508738942,786.1692637267521,786.4662019662096,True,11385.348511823351
855,388,0.5261362306925036,4210.8257382808615,6987.559317933141,True,10298.225469320829
856,351,0.6120422461150156,1086.4905903101176,813.5866404911244,True,46982.041391994586
857,5628,0.74081494976415,1209.7157866356831,2175.3200044242676,True,18395.992645027203
858,491,-0.2883325771084688,506.7897279983839,1713.077738608042,True,38775.162661966926
859,647,-0.0365327168162771,900.1809438976769,812.0926774691669,True,17197.281847225036
860,1000,-0.012556931265201113,2733.974583877558,3009.3188248291685,True,74943.68355056824
861,171,-0.7183862511593334,894.2733562144466,1311.716679040956,True,10012.636542082362
862,11134,-0.8019146338151042,627.9407306431639,526.7616132732926,True,32558.255337026167
863,277,-0.77228219520948,1468.8128835082816,967.2360762366372,True,21008.444019901493
864,1020,0.9030290390961199,498.8692589952114,554.91686513379,True,96511.20628660465
865,2979,0.22778632571061913,1326.017402059269,2156.8629572283926,True,36605.50462116164
866,572,0.26688994833458346,905.6296864660429,923.2204649724723,True,45502.06928981365
867,322,0.8523809591401559,2312.097223881232,3082.523852790782,True,26816.913631621203
868,621,-0.632927625700729,724.6845263610242,768.387705984248,True,12541.028633052061
869,370,0.3289113437150557,559.5066578528872,2577.6225109462453,True,26009.88222501492
870,64029,0.9262187511364678,499.5561776749778,543.0447433342418,True,43049.79076333242
871,475,0.5653262151013263,1796.607293493875,1160.6945382250117,True,38599.49194747471
872,1470,0.5340535526529944,1378.1710138913254,1157.3632658083507,True,34954.835172456056
873,1012,0.830562106033404,1212.9954770687227,1492.2265952250832,True,44030.46429712651
874,502,0.6178537344468107,2482.0773521711294,981.9495573396312,True,17089.161965681153
875,5203,0.6874352191718498,1711.021605296619,1721.2440802809112,True,59288.83090664173
876,311,0.9046547359792796,583.9140780705393,585.5319830988516,True,18724.404372253215
877,1738,-0.7513332144151103,3072.3261625530704,3512.9088806533314,True,10319.010894567577
878,3732,0.013749321646636208,747.0312927938853,746.9879583325044,True,31642.47460467222
879,2274,0.7679823262987991,7301.69192380762,8824.977716915238,True,50229.80887419716
880,300,0.7500734486120051,1067.3600442378909,1070.4086562130776,True,11635.285018453482
881,1022,0.25105741774222584,1714.7626291773654,1547.0695509669094,True,50246.668437724846
882,748,-0.48775014163594327,2058.653589111105,774.8608734019715,True,39610.34056074229
883,105,0.42818256119845116,2609.9897220069984,2944.899774823715,True,10032.386323885832
884,2260,0.28035563046850037,2869.4275225059946,256.4044321459989,True,64063.43575786673
885,1558,0.4017264832218043,1996.3690607536969,567.7514037175246,True,48011.89177973799
886,54993,0.609180254835204,405.0715129751619,405.05196390770385,True,91415.79815947081
887,75,-0.8977649299011103,2621.514347429908,742.9350818967539,True,15538.846507235621
888,143,0.15753663311574242,2215.0658283632174,2174.207087999197,True,20425.229739828574
889,2368,0.5926353555465295,3286.556324918694,1974.4713173631314,True,39447.75247325675
890,440,-0.37673027821790633,972.7438466469924,830.53400222856,True,88263.69259737807
891,1142,-0.11952372901172557,926.0393251286376,469.82252216783854,True,14545.835577093372
892,817,0.9340124753192143,2721.538209231579,2185.466458158983,True,25582.178878910374
893,2103,0.6080011304709727,144.8690605961265,144.92230953694795,True,24539.037754346416
894,96,-0.24173702336884748,1015.4709550899507,1017.6969015328358,True,11299.893169010205
895,3144,-0.10840395454033541,1926.7887657113347,903.8550059682232,True,72719.29888295115
896,3408,-0.7806537607326353,1313.001950662142,2692.6338851730575,True,26491.655567592832
897,4157,0.5442583576464888,2194.027795980918,1904.3789833551618,True,57001.177385043586
898,3485,0.07143483197010116,626.6378708482172,1321.958440556789,True,48540.91640451492
899,850,0.07571260693326827,641.9653461650514,175.6770889355263,True,80031.03636066988
900,950,-0.23458702006309542,3105.988288248245,2357.4283272912116,True,49951.04250774752
901,10420,-0.8449320989337847,919.8192217029114,2638.9388492999224,True,65825.26913426997
902,722,0.4940089649986461,1094.6046477708026,1089.7936975926564,True,29229.805845430506
903,1231,-0.12392154936675555,1713.4866636672468,3404.6557413369173,True,27414.11385066165
904,6894,0.9238187223561899,2077.2278701264436,1614.1868740224852,True,97258.55437129525
905,946,-0.5746504270407569,1649.81292867663,1664.2651606631453,True,37437.3797315114
906,912,-0.9663240483650083,4940.778800175502,3878.2098095890383,True,11046.958237572257
907,458,0.019689369861975673,498.2077599548587,1704.0835201769305,True,72082.15434088118
908,1422,-0.17227443227406183,5744.417981743077,5800.551642571118,True,66794.14743227407
909,472,-0.761248322028157,2918.8876683844364,2523.869771897827,True,36801.989987130335
910,887,0.8679704896944329,2465.193324937663,1696.1440932356625,True,59362.45527556958
911,718,0.37426900165513605,1600.6775881930282,1374.020119715218,True,53832.25969730404
912,949,-0.8865375434498933,697.984197421232,692.0627180645732,True,65910.56174859284
913,106,0.2917598045654349,906.8905344833863,1034.347839200211,True,21093.193441297084
914,14831,0.1398163084312561,669.4209266898741,671.5289740013791,True,14721.90424552327
915,446,-0.6121003987156356,1225.7139736991278,1245.3052595555764,True,24128.651537480586
916,6952,0.09868479281163814,1178.9308349780194,2904.4358685296006,True,81475.04712177935
917,400,0.37095071140271296,2305.124378314262,2301.644495339661,True,17844.68220471335
918,681,0.5717498769538487,616.9307311918978,1518.981208459541,True,34279.72698817398
919,973,0.5201370959364019,2438.750698881022,3074.962011781565,True,23718.701586338044
920,2399,-0.4696576940632901,599.6202759571063,600.1320980068372,True,54398.324822146154
921,278,0.5573042161396238,2205.314669841495,938.0025715706621,True,18891.38241809894
922,29027,-0.9880329872757799,456.7973631212238,2673.6063467093,True,56686.137162207015
923,847,-0.191963663214667,2119.2032629424602,1622.968286738154,True,81387.64619038218
924,1708,-0.8522309587711426,1939.3816667766398,2415.1264129296014,True,43454.76048053887
925,349,0.5951150902059931,2598.3133928673333,1891.5713921707795,True,16753.928423405978
926,89,0.04480444141404699,5175.617559534128,422.5773905966276,True,10800.937292937268
927,144,-0.8454969047345824,3844.685594455714,3627.8896254916804,True,10109.997602381372
928,177,0.6033951612886838,402.19111341610954,596.3630867829695,True,26592.934251067934
929,494,0.5165754450945789,1898.9932366642363,1005.2682095089697,True,32241.142276566534
930,357,0.3019086055064985,1548.408977471614,798.8507813950768,True,23705.236653985346
931,14358,0.4922358783250301,4731.243009644814,1052.8191047496114,True,46554.39627562748
932,3424,0.8919916550716351,2591.9071018067093,2601.3970814492386,True,25192.780529090614
933,349,-0.05875428803164819,4635.37300316085,4734.620741128963,True,82701.57682802052
934,5122,0.15826467332811242,3178.9706327602557,4144.781874048307,True,29710.66957130768
935,646,0.8300412778172235,1414.4825696424168,1030.3477280677714,True,32625.664724427363
936,249,0.743185357731918,176.92584588960918,221.4524578500753,True,20219.253735261183
937,201,-0.7171339245846712,709.7897639620585,398.4308996943404,True,23181.49477833299
938,959,-0.8048466095195486,2966.759188896276,2806.7792332704294,True,11881.477151616471
939,1098,-0.17612825609170837,3591.9600869452956,3142.9336148831203,True,47628.76593751682
940,105,-0.2931794201620523,2148.668595452362,4846.826628522344,True,16271.04136442964
941,463,0.324738996014035,6129.99228241856,5790.02566669181,True,47664.82056837277
942,386,-0.4185039394204506,2643.446976747687,2646.2896301942897,True,32315.313342637397
943,12163,-0.08781009854681489,495.05902669946613,546.6342872591827,True,66589.62132721118
944,1162,-0.6261927268872279,304.58567899734743,304.7190612913097,True,86914.72265742485
945,358,0.4880552937908869,3485.3046916902954,2322.969396562234,True,13313.097746697515
946,907,0.5645888198196551,1586.2750219390782,938.2810006939773,True,15281.290037887045
947,630,0.6063644057179463,1423.7721083428103,1741.3091880802929,True,34982.38685965501
948,114,0.24023602831559487,3777.657226585097,3385.2973589317257,True,53198.46721647153
949,2227,-0.9916495956338008,939.0662879290746,1418.2178038444351,True,33862.10996716856
950,1000,0.207242809324347,2168.0063398994457,690.9455909603984,True,60877.79072351057
951,692,0.7040290053263206,1194.6352861085163,486.0854892882229,True,32371.47177986157
952,155,-0.17759228651310996,1726.3324892977143,1726.56521947999,True,14663.317265321597
953,203,-0.8265940888103103,1138.371857737758,2575.591345204603,True,19641.1243734568
954,4221,-0.3061582893570902,1430.0726034483437,399.0332621167477,True,96654.39087372109
955,461,0.13993769274734322,2027.0490694072207,6089.333457491363,True,21738.689212285193
956,890,-0.9633225058960457,535.9776620043982,1305.5302597561308,True,55368.978994357516
957,454,0.26364104883910994,1725.138443100657,797.6416933701315,True,10882.188915010674
958,3981,-0.44567477690679125,726.2562363371171,913.0477070587624,True,69116.40741016684
959,1645,0.4263298281475098,1584.3363675073851,1584.5828090617854,True,64180.50684377108
960,244,0.8258597040406361,1532.8221203705414,2466.5014311976265,True,10791.358863855501
961,3702,-0.3057288553790401,2769.7354950844424,3438.6263356255527,True,83373.93710440886
962,2917,0.13132137682281664,661.9547280584231,879.5228623143822,True,80836.71618452814
963,368,0.13889345742682951,3585.3623117910884,2881.521895384565,True,52710.08493223536
964,614,0.37619003534826595,1143.331174288394,872.8110618120843,True,12316.142177046788
965,2442,-0.3905677037409921,2576.3931344130756,2421.9678505202796,True,70994.49336033205
966,2088,-0.32734202577744054,769.4130934767043,892.4203451631255,True,96505.01309554766
967,325,0.557838007083538,3535.1068078180556,2631.820735547386,True,32082.02388214995
968,138,0.2663598336777316,1930.4378969138083,1720.2079001393972,True,17661.18930305439
969,335,-0.8117938828077019,1743.4251125181056,235.65191674519576,True,12110.90620233388
970,1351,0.8775530416364669,5174.561407632876,4101.752563990769,True,98631.44906157798
971,663,0.710837090208918,848.2443833010487,967.1037889426331,True,54804.8173225602
972,313,-0.541541320840479,1474.4994664989579,419.1005521849641,True,13938.616728908859
973,2089,0.13769695569272644,2544.8407366876627,2357.514937939225,True,15405.161906541884
974,245,-0.29089112919789095,780.9236807758099,2109.341713105515,True,18708.597453861297
975,1734,0.9006603788176949,5218.722583603988,5155.471549185169,True,56051.00341487142
976,546,-0.2242816183067561,2203.0324545108283,1054.2225829844035,True,81307.66395747768
977,663,0.7471644384206391,255.2086026216224,722.8258040595279,True,46200.07190681691
978,920,0.6086703984689746,282.0263956919303,2432.418284519391,True,94079.53126238461
979,236,0.45575765479298963,2717.237889322314,2097.4759306800256,True,17481.901115901575
980,408,-0.5138248985638492,505.4100353482796,259.62814478399036,True,63006.76631861791
981,5124,0.13638201811236175,2880.340728912804,3155.009114925194,True,78997.88953618621
982,1502,-0.8123387809984873,2959.835142844028,2221.3584429511548,True,25572.82665071198
983,1203,0.8111737995256072,1228.097100881418,1227.656477369131,True,56156.28109893359
984,522,0.9027032112900519,2390.2515522833883,1081.509891125004,True,41495.14947882937
985,995,-0.6150051522432319,574.0080958818439,1503.0357125791381,True,65452.93870209685
986,1152,-0.1157026934647734,1350.3029676410167,1350.354148576082,True,93355.39545078606
987,1208,0.34981195153273636,2909.767241735683,3389.2124875056406,True,13654.144152513361
988,464,-0.47605137924536667,4252.384682977211,2068.9712455104363,True,11808.60343695709
989,8846,-0.49848721003825514,838.2715283862219,3006.3576883289634,True,42357.7740181731
990,493,0.14945462483651906,3703.043136075794,2065.045666294659,True,25066.75053363478
991,3133,-0.9343340701848208,1270.235527371312,2981.5519674515162,True,25761.005119789574
992,47422,0.7978608585023684,2574.77564149108,2996.2036956294755,True,72930.08784667341
993,623,0.30538399458723275,1220.953710542452,796.3230882157907,True,25604.85528670255
994,178,0.9017873466571485,3253.4565733525474,3253.4078582916404,True,18809.1305565288
995,1762,-0.6717364067215383,134.29323729482113,134.2734433361136,True,55701.79240040925
996,630,0.5208486585626683,745.0859045713376,738.84882955399,True,69738.38548703802
997,1286,-0.9511394890872377,3281.4615747798607,3282.5379762554626,True,12915.034192540841
998,1341,-0.43150062469702494,799.7542193586376,756.8361148867161,True,90203.85441754463
999,7803,0.6154554689530947,2123.6904223088604,1243.8003302802267,True,11117.342906752141
